company,ticker,fiscal_year,metric,value,unit,source_file,source_section,source_quote,confidence
NVIDIA,NVDA,2022,revenue,26914000000,USD,data/filings/NVDA_2022_10K.htm,us-gaap:RevenueFromContractWithCustomerExcludingAssessedTax; context=i2c5e111a942340e08ad1e8d2e3b0fb71_D20210201-20220130; fact_id=id3VybDovL2RvY3MudjEvZG9jOjIxZDBmYWE5NmE2YzQ4YmZhYjY0NDUzZWYzY2UzZDQ5L3NlYzoyMWQwZmFhOTZhNmM0OGJmYWI2NDQ1M2VmM2NlM2Q0OV8xNzUvZnJhZzozZGEzZGU5YjFkMjU0MDQ0OTdkNmQxZmU0NGIwNTZjOC90YWJsZToyNDAxM2VlYzcwMDA0N2RmYWUyNjk3MWQ1NmM4YWEyZi90YWJsZXJhbmdlOjI0MDEzZWVjNzAwMDQ3ZGZhZTI2OTcxZDU2YzhhYTJmXzQtNy0xLTEtMTcwNDY_a064b8b7-e20d-421a-87e8-1b960b29c8c3,"Revenue $ 15,868 $ 11,046 $ — $ 26,914",high
NVIDIA,NVDA,2022,gross_profit,17475000000,USD,data/filings/NVDA_2022_10K.htm,us-gaap:GrossProfit; context=i2c5e111a942340e08ad1e8d2e3b0fb71_D20210201-20220130; fact_id=id3VybDovL2RvY3MudjEvZG9jOjIxZDBmYWE5NmE2YzQ4YmZhYjY0NDUzZWYzY2UzZDQ5L3NlYzoyMWQwZmFhOTZhNmM0OGJmYWI2NDQ1M2VmM2NlM2Q0OV85NC9mcmFnOjliYTkzZDNmMjllNDRkNWU4ZjRmOThhZWE2MDNmOTk3L3RhYmxlOmM2MWVkMzUzNjIwYjQ5MzdhMzg1NDNiZjdkMjZiYzRiL3RhYmxlcmFuZ2U6YzYxZWQzNTM2MjBiNDkzN2EzODU0M2JmN2QyNmJjNGJfNC0xLTEtMS0xNzA0Ng_d80665a8-24dc-46e3-9a08-d8df97c7c622,"Gross profit 17,475 10,396 6,768",high
NVIDIA,NVDA,2022,operating_income,10041000000,USD,data/filings/NVDA_2022_10K.htm,us-gaap:OperatingIncomeLoss; context=i2c5e111a942340e08ad1e8d2e3b0fb71_D20210201-20220130; fact_id=id3VybDovL2RvY3MudjEvZG9jOjIxZDBmYWE5NmE2YzQ4YmZhYjY0NDUzZWYzY2UzZDQ5L3NlYzoyMWQwZmFhOTZhNmM0OGJmYWI2NDQ1M2VmM2NlM2Q0OV85NC9mcmFnOjliYTkzZDNmMjllNDRkNWU4ZjRmOThhZWE2MDNmOTk3L3RhYmxlOmM2MWVkMzUzNjIwYjQ5MzdhMzg1NDNiZjdkMjZiYzRiL3RhYmxlcmFuZ2U6YzYxZWQzNTM2MjBiNDkzN2EzODU0M2JmN2QyNmJjNGJfOS0xLTEtMS0xNzA0Ng_206d6968-4d77-4120-9dcf-3a5964ab344e,"Income from operations 10,041 4,532 2,846",high
NVIDIA,NVDA,2022,net_income,9752000000,USD,data/filings/NVDA_2022_10K.htm,us-gaap:NetIncomeLoss; context=i2c5e111a942340e08ad1e8d2e3b0fb71_D20210201-20220130; fact_id=id3VybDovL2RvY3MudjEvZG9jOjIxZDBmYWE5NmE2YzQ4YmZhYjY0NDUzZWYzY2UzZDQ5L3NlYzoyMWQwZmFhOTZhNmM0OGJmYWI2NDQ1M2VmM2NlM2Q0OV85NC9mcmFnOjliYTkzZDNmMjllNDRkNWU4ZjRmOThhZWE2MDNmOTk3L3RhYmxlOmM2MWVkMzUzNjIwYjQ5MzdhMzg1NDNiZjdkMjZiYzRiL3RhYmxlcmFuZ2U6YzYxZWQzNTM2MjBiNDkzN2EzODU0M2JmN2QyNmJjNGJfMTYtMS0xLTEtMTcwNDY_0f631ab2-c7a9-4c22-8c1f-b725e69250eb,"Net income $ 9,752 $ 4,332 $ 2,796",high
NVIDIA,NVDA,2022,total_assets,44187000000,USD,data/filings/NVDA_2022_10K.htm,us-gaap:Assets; context=id96ab824bfb147c2acf941e9f0bf2169_I20220130; fact_id=id3VybDovL2RvY3MudjEvZG9jOjIxZDBmYWE5NmE2YzQ4YmZhYjY0NDUzZWYzY2UzZDQ5L3NlYzoyMWQwZmFhOTZhNmM0OGJmYWI2NDQ1M2VmM2NlM2Q0OV8xMDAvZnJhZzozOGI2M2IzM2M3Nzk0MGU5YmU2ZWI4Mjg2NzYwMmQzZC90YWJsZTo2ODU0NjcyZWExM2E0NDkxYmQzODY4NWQwMGQ3NWQ1Mi90YWJsZXJhbmdlOjY4NTQ2NzJlYTEzYTQ0OTFiZDM4Njg1ZDAwZDc1ZDUyXzE1LTEtMS0xLTE3MDQ2_ac0fef57-e4d3-4529-a1fb-5890337ddef3,"Total assets $ 44,187 $ 28,791",high
NVIDIA,NVDA,2022,total_liabilities,17575000000,USD,data/filings/NVDA_2022_10K.htm,us-gaap:Liabilities; context=id96ab824bfb147c2acf941e9f0bf2169_I20220130; fact_id=id3VybDovL2RvY3MudjEvZG9jOjIxZDBmYWE5NmE2YzQ4YmZhYjY0NDUzZWYzY2UzZDQ5L3NlYzoyMWQwZmFhOTZhNmM0OGJmYWI2NDQ1M2VmM2NlM2Q0OV8xMDAvZnJhZzozOGI2M2IzM2M3Nzk0MGU5YmU2ZWI4Mjg2NzYwMmQzZC90YWJsZTo2ODU0NjcyZWExM2E0NDkxYmQzODY4NWQwMGQ3NWQ1Mi90YWJsZXJhbmdlOjY4NTQ2NzJlYTEzYTQ0OTFiZDM4Njg1ZDAwZDc1ZDUyXzI2LTEtMS0xLTE3MDQ2_cf905ec1-996c-4f8d-a736-bd82e40a7821,"Total liabilities 17,575 11,898",high
NVIDIA,NVDA,2022,stockholders_equity,26612000000,USD,data/filings/NVDA_2022_10K.htm,us-gaap:StockholdersEquity; context=id96ab824bfb147c2acf941e9f0bf2169_I20220130; fact_id=id3VybDovL2RvY3MudjEvZG9jOjIxZDBmYWE5NmE2YzQ4YmZhYjY0NDUzZWYzY2UzZDQ5L3NlYzoyMWQwZmFhOTZhNmM0OGJmYWI2NDQ1M2VmM2NlM2Q0OV8xMDAvZnJhZzozOGI2M2IzM2M3Nzk0MGU5YmU2ZWI4Mjg2NzYwMmQzZC90YWJsZTo2ODU0NjcyZWExM2E0NDkxYmQzODY4NWQwMGQ3NWQ1Mi90YWJsZXJhbmdlOjY4NTQ2NzJlYTEzYTQ0OTFiZDM4Njg1ZDAwZDc1ZDUyXzM2LTEtMS0xLTE3MDQ2_16e6ba3c-63c1-4651-a4d8-4cc36e521c51,"Total shareholders' equity 26,612 16,893",high
NVIDIA,NVDA,2022,operating_cash_flow,9108000000,USD,data/filings/NVDA_2022_10K.htm,us-gaap:NetCashProvidedByUsedInOperatingActivities; context=i2c5e111a942340e08ad1e8d2e3b0fb71_D20210201-20220130; fact_id=id3VybDovL2RvY3MudjEvZG9jOjIxZDBmYWE5NmE2YzQ4YmZhYjY0NDUzZWYzY2UzZDQ5L3NlYzoyMWQwZmFhOTZhNmM0OGJmYWI2NDQ1M2VmM2NlM2Q0OV8xMTIvZnJhZzozMDk2Njg1NDU0YTk0ZDljOGRkMWVkMjA2N2YxYTI2Ni90YWJsZToyODkxYmZiOTA0ZDk0NWIzOTg4MmU1NDgyM2E5NTVmOS90YWJsZXJhbmdlOjI4OTFiZmI5MDRkOTQ1YjM5ODgyZTU0ODIzYTk1NWY5XzE4LTEtMS0xLTE3MDQ2_148037a1-a878-404a-a57e-778821c10ab7,"Net cash provided by operating activities 9,108 5,822 4,761",high
NVIDIA,NVDA,2023,revenue,26974000000,USD,data/filings/NVDA_2023_10K.htm,us-gaap:Revenues; context=i793edb174e3c4f8499d46ce84a602d1b_D20220131-20230129; fact_id=id3VybDovL2RvY3MudjEvZG9jOjhjZTVjMjViOTM4NDQ1YjFiZWM4MzU3NzdkNmNlY2U5L3NlYzo4Y2U1YzI1YjkzODQ0NWIxYmVjODM1Nzc3ZDZjZWNlOV85Ny9mcmFnOjZmYzdlYTc1OTNhMDQ4OGJiNjA5OWUwYmY4MTU2NmE2L3RhYmxlOjRhOTEyMTRmYTdhYTQ5ZGVhNzExYWM1OWI3YjJiY2NmL3RhYmxlcmFuZ2U6NGE5MTIxNGZhN2FhNDlkZWE3MTFhYzU5YjdiMmJjY2ZfMi0xLTEtMS02NjIwMA_2bf1423a-72e7-4a88-8f04-74e849305a32,"Revenue $ 26,974 $ 26,914 $ 16,675",high
NVIDIA,NVDA,2023,gross_profit,15356000000,USD,data/filings/NVDA_2023_10K.htm,us-gaap:GrossProfit; context=i793edb174e3c4f8499d46ce84a602d1b_D20220131-20230129; fact_id=id3VybDovL2RvY3MudjEvZG9jOjhjZTVjMjViOTM4NDQ1YjFiZWM4MzU3NzdkNmNlY2U5L3NlYzo4Y2U1YzI1YjkzODQ0NWIxYmVjODM1Nzc3ZDZjZWNlOV85Ny9mcmFnOjZmYzdlYTc1OTNhMDQ4OGJiNjA5OWUwYmY4MTU2NmE2L3RhYmxlOjRhOTEyMTRmYTdhYTQ5ZGVhNzExYWM1OWI3YjJiY2NmL3RhYmxlcmFuZ2U6NGE5MTIxNGZhN2FhNDlkZWE3MTFhYzU5YjdiMmJjY2ZfNC0xLTEtMS02NjIwMA_d01985f8-8500-4ff8-b719-acf621c127a7,"Gross profit 15,356 17,475 10,396",high
NVIDIA,NVDA,2023,operating_income,4224000000,USD,data/filings/NVDA_2023_10K.htm,us-gaap:OperatingIncomeLoss; context=i793edb174e3c4f8499d46ce84a602d1b_D20220131-20230129; fact_id=id3VybDovL2RvY3MudjEvZG9jOjhjZTVjMjViOTM4NDQ1YjFiZWM4MzU3NzdkNmNlY2U5L3NlYzo4Y2U1YzI1YjkzODQ0NWIxYmVjODM1Nzc3ZDZjZWNlOV85Ny9mcmFnOjZmYzdlYTc1OTNhMDQ4OGJiNjA5OWUwYmY4MTU2NmE2L3RhYmxlOjRhOTEyMTRmYTdhYTQ5ZGVhNzExYWM1OWI3YjJiY2NmL3RhYmxlcmFuZ2U6NGE5MTIxNGZhN2FhNDlkZWE3MTFhYzU5YjdiMmJjY2ZfOS0xLTEtMS02NjIwMA_4bddb1bf-5ed7-44f3-887e-48bed7169239,"Income from operations 4,224 10,041 4,532",high
NVIDIA,NVDA,2023,net_income,4368000000,USD,data/filings/NVDA_2023_10K.htm,us-gaap:NetIncomeLoss; context=i793edb174e3c4f8499d46ce84a602d1b_D20220131-20230129; fact_id=id3VybDovL2RvY3MudjEvZG9jOjhjZTVjMjViOTM4NDQ1YjFiZWM4MzU3NzdkNmNlY2U5L3NlYzo4Y2U1YzI1YjkzODQ0NWIxYmVjODM1Nzc3ZDZjZWNlOV85Ny9mcmFnOjZmYzdlYTc1OTNhMDQ4OGJiNjA5OWUwYmY4MTU2NmE2L3RhYmxlOjRhOTEyMTRmYTdhYTQ5ZGVhNzExYWM1OWI3YjJiY2NmL3RhYmxlcmFuZ2U6NGE5MTIxNGZhN2FhNDlkZWE3MTFhYzU5YjdiMmJjY2ZfMTYtMS0xLTEtNjYyMDA_bfadea04-7eed-4cf4-a8eb-4eada50f4c61,"Net income $ 4,368 $ 9,752 $ 4,332",high
NVIDIA,NVDA,2023,total_assets,41182000000,USD,data/filings/NVDA_2023_10K.htm,us-gaap:Assets; context=i09aa2d0339d44ae0ab29b1068c498c27_I20230129; fact_id=id3VybDovL2RvY3MudjEvZG9jOjhjZTVjMjViOTM4NDQ1YjFiZWM4MzU3NzdkNmNlY2U5L3NlYzo4Y2U1YzI1YjkzODQ0NWIxYmVjODM1Nzc3ZDZjZWNlOV8xMDMvZnJhZzo0MGFmNDY2YWY0OWQ0YmRiOWE4Mjk4MTUzZWRlNDliNy90YWJsZToyY2Q4YzI2ZjZhMzQ0NjJkYWQ2N2EzNmMxZTg1ZmI2Ni90YWJsZXJhbmdlOjJjZDhjMjZmNmEzNDQ2MmRhZDY3YTM2YzFlODVmYjY2XzE1LTEtMS0xLTY2MjAw_988e4f91-2e70-4819-a6a1-e36a0bb2966f,"Total assets $ 41,182 $ 44,187",high
NVIDIA,NVDA,2023,total_liabilities,19081000000,USD,data/filings/NVDA_2023_10K.htm,us-gaap:Liabilities; context=i09aa2d0339d44ae0ab29b1068c498c27_I20230129; fact_id=id3VybDovL2RvY3MudjEvZG9jOjhjZTVjMjViOTM4NDQ1YjFiZWM4MzU3NzdkNmNlY2U5L3NlYzo4Y2U1YzI1YjkzODQ0NWIxYmVjODM1Nzc3ZDZjZWNlOV8xMDMvZnJhZzo0MGFmNDY2YWY0OWQ0YmRiOWE4Mjk4MTUzZWRlNDliNy90YWJsZToyY2Q4YzI2ZjZhMzQ0NjJkYWQ2N2EzNmMxZTg1ZmI2Ni90YWJsZXJhbmdlOjJjZDhjMjZmNmEzNDQ2MmRhZDY3YTM2YzFlODVmYjY2XzI2LTEtMS0xLTY2MjAw_84ace3a3-12c4-4e83-b078-a4e31babbcf8,"Total liabilities 19,081 17,575",high
NVIDIA,NVDA,2023,stockholders_equity,22101000000,USD,data/filings/NVDA_2023_10K.htm,us-gaap:StockholdersEquity; context=i09aa2d0339d44ae0ab29b1068c498c27_I20230129; fact_id=id3VybDovL2RvY3MudjEvZG9jOjhjZTVjMjViOTM4NDQ1YjFiZWM4MzU3NzdkNmNlY2U5L3NlYzo4Y2U1YzI1YjkzODQ0NWIxYmVjODM1Nzc3ZDZjZWNlOV8xMDMvZnJhZzo0MGFmNDY2YWY0OWQ0YmRiOWE4Mjk4MTUzZWRlNDliNy90YWJsZToyY2Q4YzI2ZjZhMzQ0NjJkYWQ2N2EzNmMxZTg1ZmI2Ni90YWJsZXJhbmdlOjJjZDhjMjZmNmEzNDQ2MmRhZDY3YTM2YzFlODVmYjY2XzM2LTEtMS0xLTY2MjAw_eaf035a1-e1b8-4963-b9ab-34a42aa92faa,"Total shareholders' equity 22,101 26,612",high
NVIDIA,NVDA,2023,operating_cash_flow,5641000000,USD,data/filings/NVDA_2023_10K.htm,us-gaap:NetCashProvidedByUsedInOperatingActivities; context=i793edb174e3c4f8499d46ce84a602d1b_D20220131-20230129; fact_id=id3VybDovL2RvY3MudjEvZG9jOjhjZTVjMjViOTM4NDQ1YjFiZWM4MzU3NzdkNmNlY2U5L3NlYzo4Y2U1YzI1YjkzODQ0NWIxYmVjODM1Nzc3ZDZjZWNlOV8xMTUvZnJhZzplZWQ0YjMxMTc2Njk0MTUxOGZiM2IxYmE2MTA4YTcwYy90YWJsZToxZDc5NDY4NTJkOWU0NzBjOTRlNTM5ZjFkZDcyNDkwNi90YWJsZXJhbmdlOjFkNzk0Njg1MmQ5ZTQ3MGM5NGU1MzlmMWRkNzI0OTA2XzE5LTEtMS0xLTY2MjAw_3cf4c924-9c2a-4727-b01d-80382f027bfb,"Net cash provided by operating activities 5,641 9,108 5,822",high
NVIDIA,NVDA,2024,revenue,60922000000,USD,data/filings/NVDA_2024_10K.htm,us-gaap:Revenues; context=c-1; fact_id=f-49,"Revenue $ 60,922 $ 26,974 $ 26,914",high
NVIDIA,NVDA,2024,gross_profit,44301000000,USD,data/filings/NVDA_2024_10K.htm,us-gaap:GrossProfit; context=c-1; fact_id=f-55,"Gross profit 44,301 15,356 17,475",high
NVIDIA,NVDA,2024,operating_income,32972000000,USD,data/filings/NVDA_2024_10K.htm,us-gaap:OperatingIncomeLoss; context=c-1; fact_id=f-70,"Operating income 32,972 4,224 10,041",high
NVIDIA,NVDA,2024,net_income,29760000000,USD,data/filings/NVDA_2024_10K.htm,us-gaap:NetIncomeLoss; context=c-1; fact_id=f-91,"Net income $ 29,760 $ 4,368 $ 9,752",high
NVIDIA,NVDA,2024,total_assets,65728000000,USD,data/filings/NVDA_2024_10K.htm,us-gaap:Assets; context=c-9; fact_id=f-157,"Total assets $ 65,728 $ 41,182",high
NVIDIA,NVDA,2024,total_liabilities,22750000000,USD,data/filings/NVDA_2024_10K.htm,us-gaap:Liabilities; context=c-9; fact_id=f-173,"Total liabilities 22,750 19,081",high
NVIDIA,NVDA,2024,stockholders_equity,42978000000,USD,data/filings/NVDA_2024_10K.htm,us-gaap:StockholdersEquity; context=c-9; fact_id=f-201,"Total shareholders' equity 42,978 22,101",high
NVIDIA,NVDA,2024,operating_cash_flow,28090000000,USD,data/filings/NVDA_2024_10K.htm,us-gaap:NetCashProvidedByUsedInOperatingActivities; context=c-1; fact_id=f-336,"Net cash provided by operating activities 28,090 5,641 9,108",high
NVIDIA,NVDA,2024,capital_expenditures,1069000000,USD,data/filings/NVDA_2024_10K.htm,us-gaap:PaymentsToAcquireProductiveAssets; context=c-1; fact_id=f-348,"Purchases related to property and equipment and intangible assets ( 1,069 ) ( 1,833 ) ( 976 )",high
AMD,AMD,2022,revenue,23601000000,USD,data/filings/AMD_2022_10K.htm,us-gaap:RevenueFromContractWithCustomerExcludingAssessedTax; context=i96116e34be7c423cac35e7f5b85fba43_D20211226-20221231; fact_id=id3VybDovL2RvY3MudjEvZG9jOjE3OWYwZDY3NzljMjQ3OTRhNjc2ODE3NTVmZmI5YTA0L3NlYzoxNzlmMGQ2Nzc5YzI0Nzk0YTY3NjgxNzU1ZmZiOWEwNF8xMDYvZnJhZzoyZTYwYjFmOGUwMjA0MjNhOWVlNDI5NzM4ODdmYTBhZC90YWJsZTplNWJiZTQzOGMxZjI0OTllYjBjODI4ZTBiMDdkZmQ4ZC90YWJsZXJhbmdlOmU1YmJlNDM4YzFmMjQ5OWViMGM4MjhlMGIwN2RmZDhkXzMtMS0xLTEtMTA2NzA3_df1970d8-71da-454d-88fd-d793425d8434,"Net revenue $ 23,601 $ 16,434 $ 9,763",high
AMD,AMD,2022,gross_profit,10603000000,USD,data/filings/AMD_2022_10K.htm,us-gaap:GrossProfit; context=i96116e34be7c423cac35e7f5b85fba43_D20211226-20221231; fact_id=id3VybDovL2RvY3MudjEvZG9jOjE3OWYwZDY3NzljMjQ3OTRhNjc2ODE3NTVmZmI5YTA0L3NlYzoxNzlmMGQ2Nzc5YzI0Nzk0YTY3NjgxNzU1ZmZiOWEwNF8xMDYvZnJhZzoyZTYwYjFmOGUwMjA0MjNhOWVlNDI5NzM4ODdmYTBhZC90YWJsZTplNWJiZTQzOGMxZjI0OTllYjBjODI4ZTBiMDdkZmQ4ZC90YWJsZXJhbmdlOmU1YmJlNDM4YzFmMjQ5OWViMGM4MjhlMGIwN2RmZDhkXzUtMS0xLTEtMTA2NzA3_c3fae412-5f1c-46be-9611-71c52da22aa9,"Gross profit 10,603 7,929 4,347",high
AMD,AMD,2022,operating_income,1264000000,USD,data/filings/AMD_2022_10K.htm,us-gaap:OperatingIncomeLoss; context=i96116e34be7c423cac35e7f5b85fba43_D20211226-20221231; fact_id=id3VybDovL2RvY3MudjEvZG9jOjE3OWYwZDY3NzljMjQ3OTRhNjc2ODE3NTVmZmI5YTA0L3NlYzoxNzlmMGQ2Nzc5YzI0Nzk0YTY3NjgxNzU1ZmZiOWEwNF8xMDYvZnJhZzoyZTYwYjFmOGUwMjA0MjNhOWVlNDI5NzM4ODdmYTBhZC90YWJsZTplNWJiZTQzOGMxZjI0OTllYjBjODI4ZTBiMDdkZmQ4ZC90YWJsZXJhbmdlOmU1YmJlNDM4YzFmMjQ5OWViMGM4MjhlMGIwN2RmZDhkXzExLTEtMS0xLTEwNjcwNw_02a09e94-dd0e-440d-bef8-a9e3fbbe6032,"Operating income 1,264 3,648 1,369",high
AMD,AMD,2022,net_income,1320000000,USD,data/filings/AMD_2022_10K.htm,us-gaap:NetIncomeLoss; context=i96116e34be7c423cac35e7f5b85fba43_D20211226-20221231; fact_id=id3VybDovL2RvY3MudjEvZG9jOjE3OWYwZDY3NzljMjQ3OTRhNjc2ODE3NTVmZmI5YTA0L3NlYzoxNzlmMGQ2Nzc5YzI0Nzk0YTY3NjgxNzU1ZmZiOWEwNF8xMDYvZnJhZzoyZTYwYjFmOGUwMjA0MjNhOWVlNDI5NzM4ODdmYTBhZC90YWJsZTplNWJiZTQzOGMxZjI0OTllYjBjODI4ZTBiMDdkZmQ4ZC90YWJsZXJhbmdlOmU1YmJlNDM4YzFmMjQ5OWViMGM4MjhlMGIwN2RmZDhkXzE5LTEtMS0xLTEwNjcwNw_982c69a7-d754-4d78-ba66-7df4453bf86f,"Net income $ 1,320 $ 3,162 $ 2,490",high
AMD,AMD,2022,total_assets,67580000000,USD,data/filings/AMD_2022_10K.htm,us-gaap:Assets; context=i61b8f7b17f4044d4838051368d8cf4a1_I20221231; fact_id=id3VybDovL2RvY3MudjEvZG9jOjE3OWYwZDY3NzljMjQ3OTRhNjc2ODE3NTVmZmI5YTA0L3NlYzoxNzlmMGQ2Nzc5YzI0Nzk0YTY3NjgxNzU1ZmZiOWEwNF8xMTIvZnJhZzo1ZTJiMjUxOTZkZGQ0ZjQzOThmNzRiZTMwOTI3MzcwZC90YWJsZTpjODFiZTM2NWE2NmI0Mjk4YTVmMjNmNDgyYTk4MjY1ZS90YWJsZXJhbmdlOmM4MWJlMzY1YTY2YjQyOThhNWYyM2Y0ODJhOTgyNjVlXzE3LTEtMS0xLTEwNjcwNw_bbd50703-f521-486e-8a63-dd552e6ab7cb,"Total assets $ 67,580 $ 12,419",high
AMD,AMD,2022,stockholders_equity,54750000000,USD,data/filings/AMD_2022_10K.htm,us-gaap:StockholdersEquity; context=i61b8f7b17f4044d4838051368d8cf4a1_I20221231; fact_id=id3VybDovL2RvY3MudjEvZG9jOjE3OWYwZDY3NzljMjQ3OTRhNjc2ODE3NTVmZmI5YTA0L3NlYzoxNzlmMGQ2Nzc5YzI0Nzk0YTY3NjgxNzU1ZmZiOWEwNF8xMTIvZnJhZzo1ZTJiMjUxOTZkZGQ0ZjQzOThmNzRiZTMwOTI3MzcwZC90YWJsZTpjODFiZTM2NWE2NmI0Mjk4YTVmMjNmNDgyYTk4MjY1ZS90YWJsZXJhbmdlOmM4MWJlMzY1YTY2YjQyOThhNWYyM2Y0ODJhOTgyNjVlXzM3LTEtMS0xLTEwNjcwNw_b20124bb-6076-4db8-8984-1f674cd695d9,"Total stockholders’ equity 54,750 7,497",high
AMD,AMD,2022,operating_cash_flow,3565000000,USD,data/filings/AMD_2022_10K.htm,us-gaap:NetCashProvidedByUsedInOperatingActivities; context=i96116e34be7c423cac35e7f5b85fba43_D20211226-20221231; fact_id=id3VybDovL2RvY3MudjEvZG9jOjE3OWYwZDY3NzljMjQ3OTRhNjc2ODE3NTVmZmI5YTA0L3NlYzoxNzlmMGQ2Nzc5YzI0Nzk0YTY3NjgxNzU1ZmZiOWEwNF8xMTgvZnJhZzpmYWFlMThhNWU4NmE0Y2U5OTM5ZjhjZGVmNDIzM2EwNy90YWJsZTowNDAzMjQwYzY0N2U0NWY0YWUxNWMyMTAzOTA2YWFhNC90YWJsZXJhbmdlOjA0MDMyNDBjNjQ3ZTQ1ZjRhZTE1YzIxMDM5MDZhYWE0XzIzLTEtMS0xLTEwNjcwNw_934814f5-01ab-4742-bc5e-21c3899f241a,"Net cash provided by operating activities 3,565 3,521 1,071",high
AMD,AMD,2022,capital_expenditures,450000000,USD,data/filings/AMD_2022_10K.htm,us-gaap:PaymentsToAcquirePropertyPlantAndEquipment; context=i96116e34be7c423cac35e7f5b85fba43_D20211226-20221231; fact_id=id3VybDovL2RvY3MudjEvZG9jOjE3OWYwZDY3NzljMjQ3OTRhNjc2ODE3NTVmZmI5YTA0L3NlYzoxNzlmMGQ2Nzc5YzI0Nzk0YTY3NjgxNzU1ZmZiOWEwNF8xMTgvZnJhZzpmYWFlMThhNWU4NmE0Y2U5OTM5ZjhjZGVmNDIzM2EwNy90YWJsZTowNDAzMjQwYzY0N2U0NWY0YWUxNWMyMTAzOTA2YWFhNC90YWJsZXJhbmdlOjA0MDMyNDBjNjQ3ZTQ1ZjRhZTE1YzIxMDM5MDZhYWE0XzI1LTEtMS0xLTEwNjcwNw_c958d3a0-6e77-4d4a-833b-3b39fe6e3c19,Purchases of property and equipment ( 450 ) ( 301 ) ( 294 ),high
AMD,AMD,2023,revenue,22680000000,USD,data/filings/AMD_2023_10K.htm,us-gaap:RevenueFromContractWithCustomerExcludingAssessedTax; context=c-1; fact_id=f-44,"Net revenue $ 22,680 $ 23,601 $ 16,434",high
AMD,AMD,2023,gross_profit,10460000000,USD,data/filings/AMD_2023_10K.htm,us-gaap:GrossProfit; context=c-1; fact_id=f-56,"Gross profit 10,460 10,603 7,929",high
AMD,AMD,2023,operating_income,401000000,USD,data/filings/AMD_2023_10K.htm,us-gaap:OperatingIncomeLoss; context=c-1; fact_id=f-71,"Operating income 401 1,264 3,648",high
AMD,AMD,2023,net_income,854000000,USD,data/filings/AMD_2023_10K.htm,us-gaap:NetIncomeLoss; context=c-1; fact_id=f-89,"Net income $ 854 $ 1,320 $ 3,162",high
AMD,AMD,2023,total_assets,67885000000,USD,data/filings/AMD_2023_10K.htm,us-gaap:Assets; context=c-5; fact_id=f-141,"Total assets $ 67,885 $ 67,580",high
AMD,AMD,2023,stockholders_equity,55892000000,USD,data/filings/AMD_2023_10K.htm,us-gaap:StockholdersEquity; context=c-5; fact_id=f-186,"Total stockholders’ equity 55,892 54,750",high
AMD,AMD,2023,operating_cash_flow,1667000000,USD,data/filings/AMD_2023_10K.htm,us-gaap:NetCashProvidedByUsedInOperatingActivities; context=c-1; fact_id=f-313,"Net cash provided by operating activities 1,667 3,565 3,521",high
AMD,AMD,2023,capital_expenditures,546000000,USD,data/filings/AMD_2023_10K.htm,us-gaap:PaymentsToAcquirePropertyPlantAndEquipment; context=c-1; fact_id=f-316,Purchases of property and equipment ( 546 ) ( 450 ) ( 301 ),high
AMD,AMD,2024,revenue,25785000000,USD,data/filings/AMD_2024_10K.htm,us-gaap:RevenueFromContractWithCustomerExcludingAssessedTax; context=c-1; fact_id=f-40,"Net revenue $ 25,785 $ 22,680 $ 23,601",high
AMD,AMD,2024,gross_profit,12725000000,USD,data/filings/AMD_2024_10K.htm,us-gaap:GrossProfit; context=c-1; fact_id=f-52,"Gross profit 12,725 10,460 10,603",high
AMD,AMD,2024,operating_income,1900000000,USD,data/filings/AMD_2024_10K.htm,us-gaap:OperatingIncomeLoss; context=c-1; fact_id=f-70,"Operating income 1,900 401 1,264",high
AMD,AMD,2024,net_income,1641000000,USD,data/filings/AMD_2024_10K.htm,us-gaap:NetIncomeLoss; context=c-1; fact_id=f-88,"Net income $ 1,641 $ 854 $ 1,320",high
AMD,AMD,2024,total_assets,69226000000,USD,data/filings/AMD_2024_10K.htm,us-gaap:Assets; context=c-6; fact_id=f-140,"Total assets $ 69,226 $ 67,885",high
AMD,AMD,2024,stockholders_equity,57568000000,USD,data/filings/AMD_2024_10K.htm,us-gaap:StockholdersEquity; context=c-6; fact_id=f-184,"Total stockholders’ equity 57,568 55,892",high
AMD,AMD,2024,operating_cash_flow,3041000000,USD,data/filings/AMD_2024_10K.htm,us-gaap:NetCashProvidedByUsedInOperatingActivities; context=c-1; fact_id=f-305,"Net cash provided by operating activities 3,041 1,667 3,565",high
AMD,AMD,2024,capital_expenditures,636000000,USD,data/filings/AMD_2024_10K.htm,us-gaap:PaymentsToAcquirePropertyPlantAndEquipment; context=c-1; fact_id=f-308,Purchases of property and equipment ( 636 ) ( 546 ) ( 450 ),high
Intel,INTC,2022,revenue,63054000000,USD,data/filings/INTC_2022_10K.htm,us-gaap:RevenueFromContractWithCustomerExcludingAssessedTax; context=i62d01ac524414bc6817507f65831f4e4_D20211226-20221231; fact_id=id3VybDovL2RvY3MudjEvZG9jOjhhYWE3YjRkYmQyZTQxOWNhMGY1YzMwYWY4NWExMWFhL3NlYzo4YWFhN2I0ZGJkMmU0MTljYTBmNWMzMGFmODVhMTFhYV8yNTMvZnJhZzo2ZmU2MTU2YjJkNjE0MTkzYjU1OTlmYzRjZjY1NTM4NS90YWJsZTo2OWI1M2M4ZTY4Njc0OTBkOWQ1MzBhYzI1MWFhNTAyZC90YWJsZXJhbmdlOjY5YjUzYzhlNjg2NzQ5MGQ5ZDUzMGFjMjUxYWE1MDJkXzEtMi0xLTEtNTMyMDM1_8f9c15bc-9f30-4964-b8c3-201759438e68,"Net revenue $ 63,054 $ 79,024 $ 77,867",high
Intel,INTC,2022,gross_profit,26866000000,USD,data/filings/INTC_2022_10K.htm,us-gaap:GrossProfit; context=i62d01ac524414bc6817507f65831f4e4_D20211226-20221231; fact_id=id3VybDovL2RvY3MudjEvZG9jOjhhYWE3YjRkYmQyZTQxOWNhMGY1YzMwYWY4NWExMWFhL3NlYzo4YWFhN2I0ZGJkMmU0MTljYTBmNWMzMGFmODVhMTFhYV8yNTMvZnJhZzo2ZmU2MTU2YjJkNjE0MTkzYjU1OTlmYzRjZjY1NTM4NS90YWJsZTo2OWI1M2M4ZTY4Njc0OTBkOWQ1MzBhYzI1MWFhNTAyZC90YWJsZXJhbmdlOjY5YjUzYzhlNjg2NzQ5MGQ5ZDUzMGFjMjUxYWE1MDJkXzMtMi0xLTEtNTMyMDM1_d3feaabc-1ae5-4419-80c5-f26d2f8a56e3,"Gross margin 26,866 43,815 43,612",high
Intel,INTC,2022,operating_income,2334000000,USD,data/filings/INTC_2022_10K.htm,us-gaap:OperatingIncomeLoss; context=i62d01ac524414bc6817507f65831f4e4_D20211226-20221231; fact_id=id3VybDovL2RvY3MudjEvZG9jOjhhYWE3YjRkYmQyZTQxOWNhMGY1YzMwYWY4NWExMWFhL3NlYzo4YWFhN2I0ZGJkMmU0MTljYTBmNWMzMGFmODVhMTFhYV8yNTMvZnJhZzo2ZmU2MTU2YjJkNjE0MTkzYjU1OTlmYzRjZjY1NTM4NS90YWJsZTo2OWI1M2M4ZTY4Njc0OTBkOWQ1MzBhYzI1MWFhNTAyZC90YWJsZXJhbmdlOjY5YjUzYzhlNjg2NzQ5MGQ5ZDUzMGFjMjUxYWE1MDJkXzktMi0xLTEtNTMyMDM1_1948eb33-5593-4851-92a9-786f0f8be816,"Operating income 2,334 19,456 23,678",high
Intel,INTC,2022,net_income,8014000000,USD,data/filings/INTC_2022_10K.htm,us-gaap:NetIncomeLoss; context=i62d01ac524414bc6817507f65831f4e4_D20211226-20221231; fact_id=id3VybDovL2RvY3MudjEvZG9jOjhhYWE3YjRkYmQyZTQxOWNhMGY1YzMwYWY4NWExMWFhL3NlYzo4YWFhN2I0ZGJkMmU0MTljYTBmNWMzMGFmODVhMTFhYV8yNTMvZnJhZzo2ZmU2MTU2YjJkNjE0MTkzYjU1OTlmYzRjZjY1NTM4NS90YWJsZTo2OWI1M2M4ZTY4Njc0OTBkOWQ1MzBhYzI1MWFhNTAyZC90YWJsZXJhbmdlOjY5YjUzYzhlNjg2NzQ5MGQ5ZDUzMGFjMjUxYWE1MDJkXzE2LTItMS0xLTU1MjA3NQ_b20efed1-1e2e-4be6-8128-38ca93d02994,"Net income attributable to Intel $ 8,014 $ 19,868 $ 20,899",high
Intel,INTC,2022,total_assets,182103000000,USD,data/filings/INTC_2022_10K.htm,us-gaap:Assets; context=i45d711c950914abb99b67c50fe28c1fc_I20221231; fact_id=id3VybDovL2RvY3MudjEvZG9jOjhhYWE3YjRkYmQyZTQxOWNhMGY1YzMwYWY4NWExMWFhL3NlYzo4YWFhN2I0ZGJkMmU0MTljYTBmNWMzMGFmODVhMTFhYV8yNTkvZnJhZzoxM2NiNjE5NjQ3Zjk0NjFmOWJlMTlmODAzYmUwMGFjMy90YWJsZTo1NDVjYmE0OGJjYTc0OGU4YTRjMzhiNGI1MzA1NDAxYi90YWJsZXJhbmdlOjU0NWNiYTQ4YmNhNzQ4ZThhNGMzOGI0YjUzMDU0MDFiXzE5LTItMS0xLTUzMjAzNQ_97af05e6-245f-45c2-9f9b-6073362e6abe,"Total assets $ 182,103 $ 168,406",high
Intel,INTC,2022,stockholders_equity,101423000000,USD,data/filings/INTC_2022_10K.htm,us-gaap:StockholdersEquity; context=i45d711c950914abb99b67c50fe28c1fc_I20221231; fact_id=id3VybDovL2RvY3MudjEvZG9jOjhhYWE3YjRkYmQyZTQxOWNhMGY1YzMwYWY4NWExMWFhL3NlYzo4YWFhN2I0ZGJkMmU0MTljYTBmNWMzMGFmODVhMTFhYV8yNTkvZnJhZzoxM2NiNjE5NjQ3Zjk0NjFmOWJlMTlmODAzYmUwMGFjMy90YWJsZTo1NDVjYmE0OGJjYTc0OGU4YTRjMzhiNGI1MzA1NDAxYi90YWJsZXJhbmdlOjU0NWNiYTQ4YmNhNzQ4ZThhNGMzOGI0YjUzMDU0MDFiXzQ0LTItMS0xLTU0OTI4Nw_b3daf375-147d-4ec6-8a8b-d0e8b125d7a2,"Total Intel stockholders' equity 101,423 95,391",high
Intel,INTC,2022,operating_cash_flow,15433000000,USD,data/filings/INTC_2022_10K.htm,us-gaap:NetCashProvidedByUsedInOperatingActivities; context=i62d01ac524414bc6817507f65831f4e4_D20211226-20221231; fact_id=id3VybDovL2RvY3MudjEvZG9jOjhhYWE3YjRkYmQyZTQxOWNhMGY1YzMwYWY4NWExMWFhL3NlYzo4YWFhN2I0ZGJkMmU0MTljYTBmNWMzMGFmODVhMTFhYV8yNjUvZnJhZzo4NGM2NzAyNzhmMTg0OWVjOWM1NGQ5MDg2NDM4ZTc0Ni90YWJsZTo2Y2E1OTQxZDA0OWM0YmU3OTcyOGIwMmQ3Y2I0YmUyZC90YWJsZXJhbmdlOjZjYTU5NDFkMDQ5YzRiZTc5NzI4YjAyZDdjYjRiZTJkXzIzLTItMS0xLTUzMjAzNQ_934339fc-553c-4d85-adcf-8658c39df612,"Net cash provided by operating activities 15,433 29,456 35,864",high
Intel,INTC,2022,capital_expenditures,24844000000,USD,data/filings/INTC_2022_10K.htm,us-gaap:PaymentsToAcquirePropertyPlantAndEquipment; context=i62d01ac524414bc6817507f65831f4e4_D20211226-20221231; fact_id=id3VybDovL2RvY3MudjEvZG9jOjhhYWE3YjRkYmQyZTQxOWNhMGY1YzMwYWY4NWExMWFhL3NlYzo4YWFhN2I0ZGJkMmU0MTljYTBmNWMzMGFmODVhMTFhYV8yNjUvZnJhZzo4NGM2NzAyNzhmMTg0OWVjOWM1NGQ5MDg2NDM4ZTc0Ni90YWJsZTo2Y2E1OTQxZDA0OWM0YmU3OTcyOGIwMmQ3Y2I0YmUyZC90YWJsZXJhbmdlOjZjYTU5NDFkMDQ5YzRiZTc5NzI4YjAyZDdjYjRiZTJkXzI1LTItMS0xLTUzMjAzNQ_b6ddae06-a93d-44b5-9eff-1fcdce89fd98,"Additions to property, plant and equipment ( 24,844 ) ( 18,733 ) ( 14,259 )",high
Intel,INTC,2023,revenue,54228000000,USD,data/filings/INTC_2023_10K.htm,us-gaap:RevenueFromContractWithCustomerExcludingAssessedTax; context=c-1; fact_id=f-44,"Net revenue $ 54,228 $ 63,054 $ 79,024",high
Intel,INTC,2023,gross_profit,21711000000,USD,data/filings/INTC_2023_10K.htm,us-gaap:GrossProfit; context=c-1; fact_id=f-50,"Gross margin 21,711 26,866 43,815",high
Intel,INTC,2023,operating_income,93000000,USD,data/filings/INTC_2023_10K.htm,us-gaap:OperatingIncomeLoss; context=c-1; fact_id=f-65,"Operating income 93 2,334 19,456",high
Intel,INTC,2023,net_income,1689000000,USD,data/filings/INTC_2023_10K.htm,us-gaap:NetIncomeLoss; context=c-1; fact_id=f-86,"Net income attributable to Intel $ 1,689 $ 8,014 $ 19,868",high
Intel,INTC,2023,total_assets,191572000000,USD,data/filings/INTC_2023_10K.htm,us-gaap:Assets; context=c-7; fact_id=f-147,"Total assets $ 191,572 $ 182,103",high
Intel,INTC,2023,stockholders_equity,105590000000,USD,data/filings/INTC_2023_10K.htm,us-gaap:StockholdersEquity; context=c-7; fact_id=f-175,"Total Intel stockholders' equity 105,590 101,423",high
Intel,INTC,2023,operating_cash_flow,11471000000,USD,data/filings/INTC_2023_10K.htm,us-gaap:NetCashProvidedByUsedInOperatingActivities; context=c-1; fact_id=f-245,"Net cash provided by operating activities 11,471 15,433 29,456",high
Intel,INTC,2023,capital_expenditures,25750000000,USD,data/filings/INTC_2023_10K.htm,us-gaap:PaymentsToAcquirePropertyPlantAndEquipment; context=c-1; fact_id=f-248,"Additions to property, plant, and equipment ( 25,750 ) ( 24,844 ) ( 18,733 )",high
Intel,INTC,2024,revenue,53101000000,USD,data/filings/INTC_2024_10K.htm,us-gaap:RevenueFromContractWithCustomerExcludingAssessedTax; context=c-1; fact_id=f-58,"Net revenue $ 53,101 $ 54,228 $ 63,054",high
Intel,INTC,2024,gross_profit,17345000000,USD,data/filings/INTC_2024_10K.htm,us-gaap:GrossProfit; context=c-1; fact_id=f-64,"Gross margin 17,345 21,711 26,866",high
Intel,INTC,2024,operating_income,-11678000000,USD,data/filings/INTC_2024_10K.htm,us-gaap:OperatingIncomeLoss; context=c-1; fact_id=f-79,"Operating income (loss) ( 11,678 ) 93 2,334",high
Intel,INTC,2024,net_income,-18756000000,USD,data/filings/INTC_2024_10K.htm,us-gaap:NetIncomeLoss; context=c-1; fact_id=f-100,"Net income (loss) attributable to Intel $ ( 18,756 ) $ 1,689 $ 8,014",high
Intel,INTC,2024,total_assets,196485000000,USD,data/filings/INTC_2024_10K.htm,us-gaap:Assets; context=c-7; fact_id=f-162,"Total assets $ 196,485 $ 191,572",high
Intel,INTC,2024,stockholders_equity,99270000000,USD,data/filings/INTC_2024_10K.htm,us-gaap:StockholdersEquity; context=c-7; fact_id=f-190,"Total Intel stockholders' equity 99,270 105,590",high
Intel,INTC,2024,operating_cash_flow,8288000000,USD,data/filings/INTC_2024_10K.htm,us-gaap:NetCashProvidedByUsedInOperatingActivities; context=c-1; fact_id=f-263,"Net cash provided by (used for) operating activities 8,288 11,471 15,433",high
Intel,INTC,2024,capital_expenditures,23944000000,USD,data/filings/INTC_2024_10K.htm,us-gaap:PaymentsToAcquirePropertyPlantAndEquipment; context=c-1; fact_id=f-266,"Additions to property, plant, and equipment ( 23,944 ) ( 25,750 ) ( 24,844 )",high
